{
"lengthUnit": "mil",
"components": {
	"fields": ["COMPONENT_NO", "COMPONENT_NAME", "LAYER", "X_COORDINATE", "Y_COORDINATE", "ANGLE"],
	"rows": [
		[1, "3V3", "B", 54.34, 143.29, 270],
		[2, "5v", "T", -47.76, -483.61, 0],
		[3, "BUZZER2", "T", 491.99, -260.64, 90],
		[4, "C31", "T", -5, -250, 90],
		[5, "C32", "T", -73.54, -283.54, 180],
		[6, "C40", "T", -612.83, -311.17, 90],
		[7, "C41", "T", -604.35, 321.89, 270],
		[8, "C200", "T", -270, -150, 180],
		[9, "C201", "T", -285, -375, 0],
		[10, "C202", "T", -306.6, 488.4, 180],
		[11, "C203", "T", -408.4, 486.6, 0],
		[12, "C206", "T", 10, -375, 90],
		[13, "C207", "T", -80, -475, 180],
		[14, "C208", "T", -310, 195, 0],
		[15, "C210", "T", 215, -365, 0],
		[16, "C211", "T", 95, -365, 180],
		[17, "C213", "T", 465, 170, 180],
		[18, "C214", "T", 450, 415, 0],
		[19, "CN1", "T", 135, -470, 180],
		[20, "D3", "T", 400, -315, 90],
		[21, "D200", "T", -335, -445, 180],
		[22, "D202", "T", -325, -45, 180],
		[23, "D203", "T", -315, 15, 180],
		[24, "D204", "T", -355, -115, 90],
		[25, "D205", "T", 480, 130, 180],
		[26, "GND", "B", 252.24, -483.61, 270],
		[27, "LED9", "T", -310, 125, 180],
		[28, "Q201", "T", -200, -455, 270],
		[29, "Q203", "T", 350, -220, 180],
		[30, "R1", "T", -425, 290, 90],
		[31, "R2", "T", -330, 290, 270],
		[32, "R3", "T", -375, 290, 270],
		[33, "R204", "T", -435, 410, 90],
		[34, "R207", "T", -360, -505, 0],
		[35, "R214", "T", -338.52, 56.58, 0],
		[36, "R215", "T", -265, -95, 0],
		[37, "R218", "T", -185, -345, 180],
		[38, "R219", "T", -185, -300, 0],
		[39, "R220", "T", 250, -245, 270],
		[40, "R221", "T", -395, -240, 270],
		[41, "R222", "T", 440, 460, 0],
		[42, "R223", "T", 400, 15, 180],
		[43, "R226", "T", 395, -50, 90],
		[44, "R227", "T", 415.07, -122.12, 0],
		[45, "rst", "T", 352.24, -483.61, 0],
		[46, "SW1", "T", 500, 0, 270],
		[47, "SW2", "T", 340, -450, 270],
		[48, "SWC", "B", 52.24, -483.61, 270],
		[49, "SWD", "B", 152.24, -483.61, 270],
		[50, "U3", "T", 50, 130, 180],
		[51, "U201", "T", -341.6, 403.4, 180],
		[52, "U209", "T", -520, 320, 180],
		[53, "U210", "T", -521.37, -309.71, 90],
		[54, "U212", "T", -310, -265, 270],
		[55, "U213", "T", -90, -385, 0],
		[56, "U214", "T", 470, 305, 270],
		[57, "USB5", "T", -515, 0, 270],
		[58, "X3", "T", -80, -230, 180],
		[59, "PAD1", "B", -169.12, -425, 0],
		[60, "PAD2", "B", -307.86, -418.46, 0],
		[61, "PAD3", "T", 350, -95, 0],
		[62, "PAD4", "B", 345, 415, 0],
		[63, "PAD5", "B", 345, 355, 0],
		[64, "PAD6", "B", -155, 255, 0],
		[65, "PAD7", "B", -50, -40, 0]
	]
},
"pins": {
	"fields": ["PIN_NO", "PIN_NAME", "PIN_X", "PIN_Y", "LAYER", "PIN_TYPE", "NET_NAME", "NET_TYPE", "PAD_SHAPE", "PAD_SIZEX", "PAD_SIZEY", "HOLE_SIZE", "PAD_ANGLE"],
	"rows": [
		[1, "3V3_1", 54.34, 143.29, "B", "SMD", "VCC", "", "C", 59.06, 59.06, 0, 270],
		[2, "5v_1", -47.76, -483.61, "B", "SMD", "+5V", "", "C", 59.06, 59.06, 0, 0],
		[3, "BUZZER2_1", 491.99, -340.56, "T", "SMD", "VCC", "", "R", 45.67, 77.17, 0, 90],
		[4, "BUZZER2_2", 491.99, -180.72, "T", "SMD", "$1N11394", "", "R", 45.67, 77.17, 0, 90],
		[5, "C31_1", -5, -271.46, "T", "SMD", "GND", "GND", "R", 31.11, 21.26, 0, 90],
		[6, "C31_2", -5, -228.54, "T", "SMD", "OSC32_OUT", "", "R", 31.11, 21.26, 0, 90],
		[7, "C32_1", -52.08, -283.54, "T", "SMD", "GND", "GND", "R", 31.11, 21.26, 0, 180],
		[8, "C32_2", -95, -283.54, "T", "SMD", "OSC32_IN", "", "R", 31.11, 21.26, 0, 180],
		[9, "C40_1", -612.83, -332.63, "T", "SMD", "GND", "GND", "R", 31.11, 21.26, 0, 90],
		[10, "C40_2", -612.83, -289.71, "T", "SMD", "VCC", "", "R", 31.11, 21.26, 0, 90],
		[11, "C41_1", -604.35, 343.35, "T", "SMD", "GND", "GND", "R", 31.11, 21.26, 0, 270],
		[12, "C41_2", -604.35, 300.43, "T", "SMD", "VCC", "", "R", 31.11, 21.26, 0, 270],
		[13, "C200_1", -242.44, -150, "T", "SMD", "GND", "GND", "R", 31.5, 35.43, 0, 180],
		[14, "C200_2", -297.56, -150, "T", "SMD", "+5V", "", "R", 31.5, 35.43, 0, 180],
		[15, "C201_1", -312.56, -375, "T", "SMD", "GND", "GND", "R", 31.5, 35.43, 0, 0],
		[16, "C201_2", -257.44, -375, "T", "SMD", "VBAT", "", "R", 31.5, 35.43, 0, 0],
		[17, "C202_1", -285.14, 488.4, "T", "SMD", "VCC", "", "R", 31.11, 21.26, 0, 180],
		[18, "C202_2", -328.06, 488.4, "T", "SMD", "GND", "GND", "R", 31.11, 21.26, 0, 180],
		[19, "C203_1", -429.86, 486.6, "T", "SMD", "VCC", "", "R", 31.11, 21.26, 0, 0],
		[20, "C203_2", -386.94, 486.6, "T", "SMD", "GND", "GND", "R", 31.11, 21.26, 0, 0],
		[21, "C206_1", 10, -396.46, "T", "SMD", "GND", "GND", "R", 31.11, 21.26, 0, 90],
		[22, "C206_2", 10, -353.54, "T", "SMD", "VCC", "", "R", 31.11, 21.26, 0, 90],
		[23, "C207_1", -58.54, -475, "T", "SMD", "GND", "GND", "R", 31.11, 21.26, 0, 180],
		[24, "C207_2", -101.46, -475, "T", "SMD", "VSYS", "", "R", 31.11, 21.26, 0, 180],
		[25, "C208_1", -331.46, 195, "T", "SMD", "GND", "GND", "R", 31.11, 21.26, 0, 0],
		[26, "C208_2", -288.54, 195, "T", "SMD", "LED_PWR", "", "R", 31.11, 21.26, 0, 0],
		[27, "C210_1", 193.54, -365, "T", "SMD", "GND", "GND", "R", 31.11, 21.26, 0, 0],
		[28, "C210_2", 236.46, -365, "T", "SMD", "LCD_DISP", "", "R", 31.11, 21.26, 0, 0],
		[29, "C211_1", 116.46, -365, "T", "SMD", "VCC", "", "R", 31.11, 21.26, 0, 180],
		[30, "C211_2", 73.54, -365, "T", "SMD", "GND", "GND", "R", 31.11, 21.26, 0, 180],
		[31, "C213_1", 486.46, 170, "T", "SMD", "GND", "GND", "R", 31.11, 21.26, 0, 180],
		[32, "C213_2", 443.54, 170, "T", "SMD", "KEY", "", "R", 31.11, 21.26, 0, 180],
		[33, "C214_1", 428.54, 415, "T", "SMD", "GND", "GND", "R", 31.11, 21.26, 0, 0],
		[34, "C214_2", 471.46, 415, "T", "SMD", "$1N21296", "", "R", 31.11, 21.26, 0, 0],
		[35, "CN1_1", 166.5, -422.75, "T", "SMD", "CN1_1", "", "R", 15.75, 7.87, 0, 270],
		[36, "CN1_2", 166.5, -517.25, "T", "SMD", "CN1_2", "", "R", 15.75, 7.87, 0, 270],
		[37, "CN1_3", 150.75, -422.75, "T", "SMD", "LCD_MOSI", "", "R", 15.75, 7.87, 0, 270],
		[38, "CN1_4", 150.75, -517.25, "T", "SMD", "LCD_SCLK", "", "R", 15.75, 7.87, 0, 270],
		[39, "CN1_5", 135, -422.75, "T", "SMD", "EXTCOMIN", "", "R", 15.75, 7.87, 0, 270],
		[40, "CN1_6", 135, -517.25, "T", "SMD", "LCD_CS", "", "R", 15.75, 7.87, 0, 270],
		[41, "CN1_7", 119.25, -422.75, "T", "SMD", "VCC", "", "R", 15.75, 7.87, 0, 270],
		[42, "CN1_8", 119.25, -517.25, "T", "SMD", "LCD_DISP", "", "R", 15.75, 7.87, 0, 270],
		[43, "CN1_9", 103.5, -422.75, "T", "SMD", "GND", "GND", "R", 15.75, 7.87, 0, 270],
		[44, "CN1_10", 103.5, -517.25, "T", "SMD", "GND", "GND", "R", 15.75, 7.87, 0, 270],
		[45, "CN1_11", 68.07, -425.7, "T", "SMD", "GND", "GND", "R", 25.59, 25.59, 0, 180],
		[46, "CN1_12", 68.07, -514.28, "T", "SMD", "GND", "GND", "R", 25.59, 25.59, 0, 180],
		[47, "CN1_13", 201.93, -425.71, "T", "SMD", "GND", "GND", "R", 25.59, 25.59, 0, 180],
		[48, "CN1_14", 201.93, -514.28, "T", "SMD", "GND", "GND", "R", 25.59, 25.59, 0, 180],
		[49, "D3_1", 400, -340, "T", "SMD", "VCC", "", "R", 36.6, 14.2, 0, 270],
		[50, "D3_2", 400, -290, "T", "SMD", "$1N11394", "", "R", 36.6, 14.2, 0, 270],
		[51, "D200_1", -288.83, -445, "T", "SMD", "VSYS", "", "R", 39.37, 29.53, 0, 180],
		[52, "D200_2", -381.17, -445, "T", "SMD", "+5V", "", "R", 39.37, 29.53, 0, 180],
		[53, "D202_1", -308.27, -45, "T", "SMD", "GND", "GND", "R", 21.65, 23.62, 0, 180],
		[54, "D202_2", -341.73, -45, "T", "SMD", "USBDP", "", "R", 21.65, 23.62, 0, 180],
		[55, "D203_1", -298.27, 15, "T", "SMD", "GND", "GND", "R", 21.65, 23.62, 0, 180],
		[56, "D203_2", -331.73, 15, "T", "SMD", "USBDM", "", "R", 21.65, 23.62, 0, 180],
		[57, "D204_1", -355, -131.73, "T", "SMD", "GND", "GND", "R", 21.65, 23.62, 0, 90],
		[58, "D204_2", -355, -98.27, "T", "SMD", "+5V", "", "R", 21.65, 23.62, 0, 90],
		[59, "D205_1", 496.73, 130, "T", "SMD", "GND", "GND", "R", 21.65, 23.62, 0, 180],
		[60, "D205_2", 463.27, 130, "T", "SMD", "KEY", "", "R", 21.65, 23.62, 0, 180],
		[61, "GND_1", 252.24, -483.61, "B", "SMD", "GND", "GND", "C", 59.06, 59.06, 0, 270],
		[62, "LED9_1", -336.57, 150.59, "T", "SMD", "LED9_1", "", "R", 33.47, 25.59, 0, 0],
		[63, "LED9_2", -336.57, 99.41, "T", "SMD", "GND", "GND", "R", 33.47, 25.59, 0, 0],
		[64, "LED9_3", -283.43, 99.41, "T", "SMD", "LED", "", "R", 33.47, 25.59, 0, 0],
		[65, "LED9_4", -283.43, 150.59, "T", "SMD", "LED_PWR", "", "R", 33.47, 25.59, 0, 0],
		[66, "Q201_1", -237.4, -503.63, "T", "SMD", "+5V", "", "R", 42.13, 23.62, 0, 270],
		[67, "Q201_2", -162.6, -503.63, "T", "SMD", "VSYS", "", "R", 42.13, 23.62, 0, 270],
		[68, "Q201_3", -200, -406.38, "T", "SMD", "VBAT", "", "R", 42.13, 23.62, 0, 270],
		[69, "Q203_1", 301.38, -182.6, "T", "SMD", "BEEP", "", "R", 42.13, 23.62, 0, 180],
		[70, "Q203_2", 301.38, -257.4, "T", "SMD", "GND", "GND", "R", 42.13, 23.62, 0, 180],
		[71, "Q203_3", 398.63, -220, "T", "SMD", "$1N43418", "", "R", 42.13, 23.62, 0, 180],
		[72, "R1_1", -425, 272.96, "T", "SMD", "$1N4387", "", "R", 22.27, 21.26, 0, 90],
		[73, "R1_2", -425, 307.04, "T", "SMD", "VCC", "", "R", 22.27, 21.26, 0, 90],
		[74, "R2_1", -330, 307.04, "T", "SMD", "P0.03", "", "R", 22.27, 21.26, 0, 270],
		[75, "R2_2", -330, 272.96, "T", "SMD", "VCC", "", "R", 22.27, 21.26, 0, 270],
		[76, "R3_1", -375, 307.04, "T", "SMD", "P1.10", "", "R", 22.27, 21.26, 0, 270],
		[77, "R3_2", -375, 272.96, "T", "SMD", "VCC", "", "R", 22.27, 21.26, 0, 270],
		[78, "R204_1", -435, 392.96, "T", "SMD", "$1N14802", "", "R", 22.27, 21.26, 0, 90],
		[79, "R204_2", -435, 427.04, "T", "SMD", "VCC", "", "R", 22.27, 21.26, 0, 90],
		[80, "R207_1", -377.04, -505, "T", "SMD", "GND", "GND", "R", 22.27, 21.26, 0, 0],
		[81, "R207_2", -342.96, -505, "T", "SMD", "+5V", "", "R", 22.27, 21.26, 0, 0],
		[82, "R214_1", -355.56, 56.58, "T", "SMD", "CC1", "", "R", 22.27, 21.26, 0, 0],
		[83, "R214_2", -321.48, 56.58, "T", "SMD", "GND", "GND", "R", 22.27, 21.26, 0, 0],
		[84, "R215_1", -282.04, -95, "T", "SMD", "CC2", "", "R", 22.27, 21.26, 0, 0],
		[85, "R215_2", -247.96, -95, "T", "SMD", "GND", "GND", "R", 22.27, 21.26, 0, 0],
		[86, "R218_1", -167.96, -345, "T", "SMD", "ADC", "", "R", 22.27, 21.26, 0, 180],
		[87, "R218_2", -202.04, -345, "T", "SMD", "VBAT", "", "R", 22.27, 21.26, 0, 180],
		[88, "R219_1", -202.04, -300, "T", "SMD", "GND", "GND", "R", 22.27, 21.26, 0, 0],
		[89, "R219_2", -167.96, -300, "T", "SMD", "ADC", "", "R", 22.27, 21.26, 0, 0],
		[90, "R220_1", 250, -227.96, "T", "SMD", "BEEP", "", "R", 22.27, 21.26, 0, 270],
		[91, "R220_2", 250, -262.04, "T", "SMD", "GND", "GND", "R", 22.27, 21.26, 0, 270],
		[92, "R221_1", -395, -222.96, "T", "SMD", "$1N7509", "", "R", 22.27, 21.26, 0, 270],
		[93, "R221_2", -395, -257.04, "T", "SMD", "GND", "GND", "R", 22.27, 21.26, 0, 270],
		[94, "R222_1", 422.96, 460, "T", "SMD", "VCC", "", "R", 22.27, 21.26, 0, 0],
		[95, "R222_2", 457.04, 460, "T", "SMD", "$1N21296", "", "R", 22.27, 21.26, 0, 0],
		[96, "R223_1", 417.04, 15, "T", "SMD", "P0.13", "", "R", 22.27, 21.26, 0, 180],
		[97, "R223_2", 382.96, 15, "T", "SMD", "+5V", "", "R", 22.27, 21.26, 0, 180],
		[98, "R226_1", 395, -67.04, "T", "SMD", "GND", "GND", "R", 22.27, 21.26, 0, 90],
		[99, "R226_2", 395, -32.96, "T", "SMD", "P0.13", "", "R", 22.27, 21.26, 0, 90],
		[100, "R227_1", 398.03, -122.12, "T", "SMD", "$1N43418", "", "R", 22.27, 21.26, 0, 0],
		[101, "R227_2", 432.12, -122.12, "T", "SMD", "$1N11394", "", "R", 22.27, 21.26, 0, 0],
		[102, "rst_1", 352.24, -483.61, "B", "SMD", "P0.18", "", "C", 59.06, 59.06, 0, 0],
		[103, "SW1_1", 463.88, 65.94, "T", "SMD", "KEY", "", "R", 31.5, 55.12, 0, 270],
		[104, "SW1_2", 463.88, -65.95, "T", "SMD", "GND", "GND", "R", 31.5, 55.12, 0, 270],
		[105, "SW1_3", 536.12, 88.58, "T", "SMD", "GND", "GND", "R", 31.5, 47.24, 0, 270],
		[106, "SW1_4", 536.12, -88.58, "T", "SMD", "GND", "GND", "R", 31.5, 47.24, 0, 270],
		[107, "SW2_1", 340, -369.88, "T", "SMD", "P0.18", "", "R", 60.24, 53.54, 0, 270],
		[108, "SW2_2", 340, -530.12, "T", "SMD", "GND", "GND", "R", 60.24, 53.54, 0, 270],
		[109, "SWC_1", 52.24, -483.61, "B", "SMD", "SWCLK", "", "C", 59.06, 59.06, 0, 270],
		[110, "SWD_1", 152.24, -483.61, "B", "SMD", "SWDIO", "", "C", 59.06, 59.06, 0, 270],
		[111, "U3_1", -206.1, 406.18, "T", "SMD", "LSM_INT", "", "R", 35.43, 78.74, 0, 270],
		[112, "U3_2", -206.1, 356.18, "T", "SMD", "P1.10", "", "R", 35.43, 78.74, 0, 270],
		[113, "U3_3", -205.91, 307.16, "T", "SMD", "P0.03", "", "R", 35.43, 78.74, 0, 270],
		[114, "U3_4", -206.1, 256.18, "T", "SMD", "P0.28", "", "R", 35.43, 78.74, 0, 270],
		[115, "U3_5", -206.1, 206.18, "T", "SMD", "GND", "GND", "R", 35.43, 78.74, 0, 270],
		[116, "U3_6", -206.1, 156.18, "T", "SMD", "LED_PWR", "", "R", 35.43, 78.74, 0, 270],
		[117, "U3_7", -206.1, 106.18, "T", "SMD", "LED", "", "R", 35.43, 78.74, 0, 270],
		[118, "U3_8", -206.1, 56.18, "T", "SMD", "P0.29", "", "R", 35.43, 78.74, 0, 270],
		[119, "U3_9", -206.1, 6.18, "T", "SMD", "P0.31", "", "R", 35.43, 78.74, 0, 270],
		[120, "U3_10", -206.1, -43.82, "T", "SMD", "ADC", "", "R", 35.43, 78.74, 0, 270],
		[121, "U3_11", -125, -146.18, "T", "SMD", "OSC32_IN", "", "R", 35.43, 78.74, 0, 0],
		[122, "U3_12", -100, -63.5, "T", "SMD", "P0.26", "", "R", 35.43, 35.43, 0, 0],
		[123, "U3_13", -75, -146.18, "T", "SMD", "OSC32_OUT", "", "R", 35.43, 78.74, 0, 0],
		[124, "U3_14", -50, -63.5, "T", "SMD", "P0.06", "", "R", 35.43, 35.43, 0, 0],
		[125, "U3_15", -25, -146.18, "T", "SMD", "P0.05", "", "R", 35.43, 78.74, 0, 0],
		[126, "U3_16", 0, -63.5, "T", "SMD", "LCD_MOSI", "", "R", 35.43, 35.43, 0, 0],
		[127, "U3_17", 25, -146.18, "T", "SMD", "EXTCOMIN", "", "R", 35.43, 78.74, 0, 0],
		[128, "U3_18", 50, -63.5, "T", "SMD", "LCD_DISP", "", "R", 35.43, 35.43, 0, 0],
		[129, "U3_19", 75, -146.18, "T", "SMD", "VCC", "", "R", 35.43, 78.74, 0, 0],
		[130, "U3_20", 100, -63.5, "T", "SMD", "LCD_CS", "", "R", 35.43, 35.43, 0, 0],
		[131, "U3_21", 125, -146.18, "T", "SMD", "GND", "GND", "R", 35.43, 78.74, 0, 0],
		[132, "U3_22", 150, -63.5, "T", "SMD", "LCD_SCLK", "", "R", 35.43, 35.43, 0, 0],
		[133, "U3_23", 175, -146.18, "T", "SMD", "VCC", "", "R", 35.43, 78.74, 0, 0],
		[134, "U3_24", 200, -63.5, "T", "SMD", "GND", "GND", "R", 35.43, 35.43, 0, 0],
		[135, "U3_25", 225, -146.18, "T", "SMD", "U3_25", "", "R", 35.43, 78.74, 0, 0],
		[136, "U3_26", 306.1, -43.82, "T", "SMD", "P0.18", "", "R", 35.43, 78.74, 0, 90],
		[137, "U3_27", 306.1, 6.18, "T", "SMD", "+5V", "", "R", 35.43, 78.74, 0, 90],
		[138, "U3_28", 223.43, 31.18, "T", "SMD", "BEEP", "", "R", 35.43, 35.43, 0, 90],
		[139, "U3_29", 306.1, 56.18, "T", "SMD", "USBDM", "", "R", 35.43, 78.74, 0, 90],
		[140, "U3_30", 223.43, 81.18, "T", "SMD", "P0.17", "", "R", 35.43, 35.43, 0, 90],
		[141, "U3_31", 306.1, 106.18, "T", "SMD", "USBDP", "", "R", 35.43, 78.74, 0, 90],
		[142, "U3_32", 223.43, 131.18, "T", "SMD", "P0.20", "", "R", 35.43, 35.43, 0, 90],
		[143, "U3_33", 306.1, 156.18, "T", "SMD", "P0.13", "", "R", 35.43, 78.74, 0, 90],
		[144, "U3_34", 223.43, 181.18, "T", "SMD", "P0.22", "", "R", 35.43, 35.43, 0, 90],
		[145, "U3_35", 306.1, 206.18, "T", "SMD", "KEY", "", "R", 35.43, 78.74, 0, 90],
		[146, "U3_36", 223.43, 231.18, "T", "SMD", "P1.00", "", "R", 35.43, 35.43, 0, 90],
		[147, "U3_37", 306.1, 256.18, "T", "SMD", "SWDIO", "", "R", 35.43, 78.74, 0, 90],
		[148, "U3_38", 223.43, 281.18, "T", "SMD", "P1.02", "", "R", 35.43, 35.43, 0, 90],
		[149, "U3_39", 306.1, 306.18, "T", "SMD", "SWCLK", "", "R", 35.43, 78.74, 0, 90],
		[150, "U3_40", 223.43, 331.18, "T", "SMD", "P1.04", "", "R", 35.43, 35.43, 0, 90],
		[151, "U3_41", 306.1, 356.18, "T", "SMD", "NF1", "", "R", 35.43, 78.74, 0, 90],
		[152, "U3_42", 223.42, 381.18, "T", "SMD", "P1.06", "", "R", 35.43, 35.43, 0, 90],
		[153, "U3_43", 306.1, 406.18, "T", "SMD", "NF2", "", "R", 35.43, 78.74, 0, 90],
		[154, "U201_1", -291.91, 373.87, "T", "SMD", "GND", "GND", "R", 26.57, 11.02, 0, 180],
		[155, "U201_2", -291.91, 393.56, "T", "SMD", "GND", "GND", "R", 26.57, 11.02, 0, 180],
		[156, "U201_3", -291.91, 413.24, "T", "SMD", "GND", "GND", "R", 26.57, 11.02, 0, 180],
		[157, "U201_4", -291.91, 432.93, "T", "SMD", "LSM_INT", "", "R", 26.57, 11.02, 0, 180],
		[158, "U201_5", -321.91, 443.26, "T", "SMD", "VCC", "", "R", 11.02, 26.57, 0, 180],
		[159, "U201_6", -341.59, 443.26, "T", "SMD", "GND", "GND", "R", 11.02, 26.57, 0, 180],
		[160, "U201_7", -361.28, 443.26, "T", "SMD", "GND", "GND", "R", 11.02, 26.57, 0, 180],
		[161, "U201_8", -391.28, 432.93, "T", "SMD", "VCC", "", "R", 26.57, 11.02, 0, 180],
		[162, "U201_9", -391.28, 413.24, "T", "SMD", "$1N29104", "", "R", 26.57, 11.02, 0, 180],
		[163, "U201_10", -391.28, 393.56, "T", "SMD", "U201_10", "", "R", 26.57, 11.02, 0, 180],
		[164, "U201_11", -391.28, 373.87, "T", "SMD", "U201_11", "", "R", 26.57, 11.02, 0, 180],
		[165, "U201_12", -361.28, 363.54, "T", "SMD", "$1N14802", "", "R", 11.02, 26.57, 0, 180],
		[166, "U201_13", -341.59, 363.54, "T", "SMD", "P1.10", "", "R", 11.02, 26.57, 0, 180],
		[167, "U201_14", -321.91, 363.54, "T", "SMD", "P0.03", "", "R", 11.02, 26.57, 0, 180],
		[168, "U209_1", -475.22, 288.5, "T", "SMD", "$1N4387", "", "R", 23.03, 17.64, 0, 180],
		[169, "U209_2", -475.22, 320, "T", "SMD", "GND", "GND", "R", 23.03, 17.64, 0, 180],
		[170, "U209_3", -475.22, 351.5, "T", "SMD", "P0.03", "", "R", 23.03, 17.64, 0, 180],
		[171, "U209_4", -564.78, 351.5, "T", "SMD", "GND", "GND", "R", 23.03, 17.64, 0, 180],
		[172, "U209_5", -564.78, 320, "T", "SMD", "VCC", "", "R", 23.03, 17.64, 0, 180],
		[173, "U209_6", -564.78, 288.5, "T", "SMD", "P1.10", "", "R", 23.03, 17.64, 0, 180],
		[174, "U209_7", -520, 320, "T", "SMD", "GND", "GND", "R", 49.21, 64.96, 0, 180],
		[175, "U210_1", -474.12, -339.24, "T", "SMD", "P0.03", "", "R", 9.84, 27.56, 0, 90],
		[176, "U210_2", -474.12, -319.56, "T", "SMD", "GND", "GND", "R", 9.84, 27.56, 0, 90],
		[177, "U210_3", -474.12, -299.87, "T", "SMD", "U210_3", "", "R", 9.84, 27.56, 0, 90],
		[178, "U210_4", -474.12, -280.18, "T", "SMD", "P1.10", "", "R", 9.84, 27.56, 0, 90],
		[179, "U210_5", -568.61, -280.18, "T", "SMD", "VCC", "", "R", 9.84, 27.56, 0, 90],
		[180, "U210_6", -568.61, -299.87, "T", "SMD", "U210_6", "", "R", 9.84, 27.56, 0, 90],
		[181, "U210_7", -568.61, -319.56, "T", "SMD", "GND", "GND", "R", 9.84, 27.56, 0, 90],
		[182, "U210_8", -568.61, -339.24, "T", "SMD", "GND", "GND", "R", 9.84, 27.56, 0, 90],
		[183, "U210_9", -521.36, -309.71, "T", "SMD", "GND", "GND", "R", 70.87, 43.31, 0, 90],
		[184, "U212_1", -347.4, -310.27, "T", "SMD", "P0.26", "", "R", 23.62, 47.24, 0, 0],
		[185, "U212_2", -310, -310.27, "T", "SMD", "GND", "GND", "R", 23.62, 47.24, 0, 0],
		[186, "U212_3", -272.6, -310.28, "T", "SMD", "VBAT", "", "R", 23.62, 47.24, 0, 0],
		[187, "U212_4", -272.6, -219.73, "T", "SMD", "+5V", "", "R", 23.62, 47.24, 0, 0],
		[188, "U212_5", -347.4, -219.72, "T", "SMD", "$1N7509", "", "R", 23.62, 47.24, 0, 0],
		[189, "U213_1", -41.38, -422.4, "T", "SMD", "GND", "GND", "R", 42.13, 23.62, 0, 0],
		[190, "U213_2", -41.38, -347.6, "T", "SMD", "VCC", "", "R", 42.13, 23.62, 0, 0],
		[191, "U213_3", -138.63, -385, "T", "SMD", "VSYS", "", "R", 42.13, 23.62, 0, 0],
		[192, "U214_1", 418.82, 352.24, "T", "SMD", "P1.02", "", "R", 15.75, 31.5, 0, 270],
		[193, "U214_2", 418.82, 320.75, "T", "SMD", "P0.20", "", "R", 15.75, 31.5, 0, 270],
		[194, "U214_3", 418.82, 289.25, "T", "SMD", "P1.04", "", "R", 15.75, 31.5, 0, 270],
		[195, "U214_4", 418.82, 257.76, "T", "SMD", "GND", "GND", "R", 15.75, 31.5, 0, 270],
		[196, "U214_5", 521.18, 257.76, "T", "SMD", "P0.22", "", "R", 15.75, 31.5, 0, 270],
		[197, "U214_6", 521.18, 289.25, "T", "SMD", "P1.00", "", "R", 15.75, 31.5, 0, 270],
		[198, "U214_7", 521.18, 320.75, "T", "SMD", "P1.06", "", "R", 15.75, 31.5, 0, 270],
		[199, "U214_8", 521.18, 352.24, "T", "SMD", "$1N21296", "", "R", 15.75, 31.5, 0, 270],
		[200, "U214_9", 470, 336.58, "T", "SMD", "GND", "GND", "R", 13.78, 31.5, 0, 0],
		[201, "U214_10", 470, 273.58, "T", "SMD", "GND", "GND", "R", 13.78, 31.5, 0, 0],
		[202, "USB5_25", -460.86, -221.26, "T", "DIP", "GND", "GND", "O", 39.37, 59.05, 43.31, 270],
		[203, "USB5_25", -460.86, -221.26, "B", "DIP", "GND", "GND", "O", 39.37, 59.05, 43.31, 270],
		[204, "USB5_26", -618.34, -221.26, "T", "DIP", "GND", "GND", "O", 39.37, 70.87, 59.05, 270],
		[205, "USB5_26", -618.34, -221.26, "B", "DIP", "GND", "GND", "O", 39.37, 70.87, 59.05, 270],
		[206, "USB5_27", -618.34, 221.26, "T", "DIP", "GND", "GND", "O", 39.37, 70.87, 59.05, 270],
		[207, "USB5_27", -618.34, 221.26, "B", "DIP", "GND", "GND", "O", 39.37, 70.87, 59.05, 270],
		[208, "USB5_28", -460.86, 221.26, "T", "DIP", "GND", "GND", "O", 39.37, 59.05, 43.31, 270],
		[209, "USB5_28", -460.86, 221.26, "B", "DIP", "GND", "GND", "O", 39.37, 59.05, 43.31, 270],
		[210, "USB5_A1B12", -411.65, 125.98, "T", "SMD", "GND", "GND", "P", 43.31, 23.62, 0, 270],
		[211, "USB5_A4B9", -411.65, 94.48, "T", "SMD", "+5V", "", "P", 43.31, 23.62, 0, 270],
		[212, "USB5_A5", -411.65, 49.21, "T", "SMD", "CC1", "", "R", 11.81, 43.31, 0, 270],
		[213, "USB5_A6", -411.65, 9.84, "T", "SMD", "USBDP", "", "R", 11.81, 43.31, 0, 270],
		[214, "USB5_A7", -411.65, -9.84, "T", "SMD", "USBDM", "", "R", 11.81, 43.31, 0, 270],
		[215, "USB5_A8", -411.65, -49.21, "T", "SMD", "USB5_A8", "", "R", 11.81, 43.31, 0, 270],
		[216, "USB5_B1A12", -411.65, -125.99, "T", "SMD", "GND", "GND", "P", 43.31, 23.62, 0, 270],
		[217, "USB5_B4A9", -411.65, -94.49, "T", "SMD", "+5V", "", "P", 43.31, 23.62, 0, 270],
		[218, "USB5_B5", -411.65, -68.9, "T", "SMD", "CC2", "", "R", 11.81, 43.31, 0, 270],
		[219, "USB5_B6", -411.65, -29.53, "T", "SMD", "USBDP", "", "R", 11.81, 43.31, 0, 270],
		[220, "USB5_B7", -411.65, 29.53, "T", "SMD", "USBDM", "", "R", 11.81, 43.31, 0, 270],
		[221, "USB5_B8", -411.65, 68.9, "T", "SMD", "USB5_B8", "", "R", 11.81, 43.31, 0, 270],
		[222, "X3_1", -48.5, -230, "T", "SMD", "OSC32_OUT", "", "R", 31.5, 51.18, 0, 180],
		[223, "X3_2", -111.49, -230, "T", "SMD", "OSC32_IN", "", "R", 31.5, 51.18, 0, 180],
		[224, "PAD1_1", -169.12, -425, "B", "SMD", "VBAT", "", "C", 60, 60, 0, 0],
		[225, "PAD2_1", -307.86, -418.46, "B", "SMD", "GND", "GND", "C", 60, 60, 0, 0],
		[226, "PAD3_1", 350, -95, "T", "SMD", "GND", "GND", "C", 39.37, 39.37, 0, 0],
		[227, "PAD4_1", 345, 415, "B", "SMD", "NF2", "", "C", 31.5, 31.5, 0, 0],
		[228, "PAD5_2", 345, 355, "B", "SMD", "NF1", "", "C", 31.5, 31.5, 0, 0],
		[229, "PAD6_1", -155, 255, "B", "SMD", "P0.28", "", "C", 31.5, 31.5, 0, 0],
		[230, "PAD7_1", -50, -40, "B", "SMD", "P0.06", "", "C", 31.5, 31.5, 0, 0]
	]
}
}